<?xml version="1.0" encoding="UTF-8"?>
<project-private xmlns="http://www.netbeans.org/ns/project-private/1">
    <editor-bookmarks xmlns="http://www.netbeans.org/ns/editor-bookmarks/2" lastBookmarkId="0"/>
    <open-files xmlns="http://www.netbeans.org/ns/projectui-open-files/2">
        <group>
            <file>file:/C:/Users/SAMIR/OneDrive/Escritorio/Joyeria_C&amp;M/src/gui/Client_VisualizarBoleta.java</file>
            <file>file:/C:/Users/SAMIR/OneDrive/Escritorio/Joyeria_C&amp;M/src/gui/Confirmacion.java</file>
            <file>file:/C:/Users/SAMIR/OneDrive/Escritorio/Joyeria_C&amp;M/src/gui/Cliente_MontRestante.java</file>
        </group>
    </open-files>
</project-private>
